title,company,location,salary_min,salary_max,category,contract_type,date_posted,description,url,keyword,source,scraped_at
Azure Data Consultant,Arinco,"Auckland, North Island",,,IT Jobs,,2026-03-15,"Arinco is the Artificial Intelligence Company helping organisations become AI-first. As a specialist Microsoft partner across Australia and New Zealand, and Microsoft’s Australia Partner of the Year 2024, we combine Microsoft innovation, award-winning delivery and our Done Right™ frameworks to take customers from secure cloud and data platforms to production-ready copilots, agents and AI apps. Sin",https://www.adzuna.co.nz/details/5665573920?utm_medium=api&utm_source=451b63bc,data analyst,adzuna,2026-03-15T23:58:56.137823
Data Analyst,New Zealand Government,"Auckland, North Island",75114.0,88266.0,IT Jobs,contract,2026-03-14,"Discover a career with purpose at MBIE Discover a career with purpose at MBIE * Work in a dynamic environment and play a key role in delivering transformational change * Support the development of a new product using SQL, PowerBI, and Excel * Identify business requirements and priorities * Fixed Term opportunity (12 months) – Wellington or Auckland * Salary range: $75,114 - $88,266  KiwiSaver Tēne",https://www.adzuna.co.nz/details/5663930022?utm_medium=api&utm_source=451b63bc,data analyst,adzuna,2026-03-15T23:58:56.137849
Senior Software Engineer - Data Platform (AI & Distributed Systems),Parrot Analytics,"Auckland, North Island",,,Engineering Jobs,,2026-03-11,"Parrot Analytics is the global authority on media and entertainment intelligence, providing the strategic decision support that the world’s leading studios, producers, streamers, investors, and government bodies rely on to de-risk content investment and maximize returns. Trusted across the full media economy — from studios and streaming platforms to film funds, sports leagues, and government bodie",https://www.adzuna.co.nz/details/5661168628?utm_medium=api&utm_source=451b63bc,data analyst,adzuna,2026-03-15T23:58:56.137857
Digital Consultant,Beca Limited,"Auckland, North Island",,,Consultancy Jobs,,2026-03-06,"Digital Consultant (Intermediate or Senior) Deliver high‑quality digital solutions for clients, applying a mix of project management, business analysis, and data analytics expertise to solve real‑world problems Work directly with clients as part of multi‑disciplinary teams, building trusted relationships, understanding complex needs, translating them into clear requirements, and delivering outcome",https://www.adzuna.co.nz/details/5655186605?utm_medium=api&utm_source=451b63bc,data analyst,adzuna,2026-03-15T23:58:56.137863
Digital Communications Specialist,NZ Post,"Auckland, North Island",,,"PR, Advertising & Marketing Jobs",permanent,2026-03-03,"Digital Communications Specialist * High impact digital role where you will shape CRM, automation and customer lifecycle programmes across B2B and B2C audiences * Based in Highbrook, Auckland with hybrid working * Work at the intersection of data, creativity and technology in a dynamic, evolving industry Kōrero mō te tūranga - About the role This is a hands-on digital role for someone who lives an",https://www.adzuna.co.nz/details/5651570664?utm_medium=api&utm_source=451b63bc,data analyst,adzuna,2026-03-15T23:58:56.137869
Senior / Lead Java AWS Developer,SkyLife,"Mount Wellington, Auckland City",,,IT Jobs,,2026-03-01,Description TĀ TĀTOU WHĀINGA | OUR PURPOSE Kōrero tuku iho. Share stories. | Taonga tuku iho . Share possibilities. | Mana tuku iho. Share joy. KO WAI MĀTOU I ABOUT SKY We’re a proud Aotearoa New Zealand business with the ambition to become the most essential and engaging media company. This is more than entertainment; it’s about moments that matter—connecting Kiwi with the stories and sport they ,https://www.adzuna.co.nz/details/5648873660?utm_medium=api&utm_source=451b63bc,data analyst,adzuna,2026-03-15T23:58:56.137891
Senior Data Analyst,Vector Limited,"Auckland, North Island",,,IT Jobs,,2026-02-27,"Job Description Powered by Data At Vector, we’re accelerating the energy transition by harnessing the power of data. Our cloud first data platforms, developed in partnership with AWS and Snowflake, process high frequency energy and IoT data at scale, enabling real time insights that drive smarter, more resilient energy solutions. We leverage advanced analytics, automation, and AI to optimise netwo",https://www.adzuna.co.nz/details/5647008180?utm_medium=api&utm_source=451b63bc,data analyst,adzuna,2026-03-15T23:58:56.137897
Data Analyst,Kami,"Penrose, Auckland City",,,IT Jobs,,2026-02-27,"About Kami Kami is a thriving organisation filled to the brim with talented, creative, and passionate people! It’s hard not to love what you do when our leading digital classroom platform offers meaningful solutions to over 70 million users worldwide, empowering students and supporting teachers! You’ll be joining at a pretty magical time. Kami’s user base is growing by the day. With over 170 team ",https://www.adzuna.co.nz/details/5646369660?utm_medium=api&utm_source=451b63bc,data analyst,adzuna,2026-03-15T23:58:56.137902
"Programme Lead (Loyalty), VCA Implementation Services (Fixed-Term)",Visa,"Auckland, North Island",,,IT Jobs,,2026-02-26,"Job Description Team Summary Visa Consulting & Analytics (VCA) Australia, New Zealand, and South Pacific (AUNZPI) is Visa's advisory division, working with Visa's clients (including card issuers, acquirers, and merchants) on a broad range of key business initiatives including strategy, operational optimisation, customer engagement and overall business profitability. VCA is made up of three service",https://www.adzuna.co.nz/details/5645859276?utm_medium=api&utm_source=451b63bc,data analyst,adzuna,2026-03-15T23:58:56.137908
Senior Data Analyst - NZ,Serko Ltd,"Auckland, North Island",110000.0,130000.0,IT Jobs,,2026-02-20,"Serko is a cutting-edge tech platform in global business travel & expense technology. When you join Serko, you become part of a team of passionate travellers and technologists bringing people together, using the world’s leading business travel marketplace. We are proud to be an equal opportunity employer, we embrace the richness of diversity, showing up authentically to create a positive impact. T",https://www.adzuna.co.nz/details/5637348770?utm_medium=api&utm_source=451b63bc,data analyst,adzuna,2026-03-15T23:58:56.137914
Data Analyst,S&T MyPlace,"Whitford, Manukau",,,Accounting & Finance Jobs,,2026-02-20,"Introduction About Steel & Tube Steel & Tube is one of New Zealand’s leading providers of steel solutions and a proud Kiwi company with over 70 years of history. Our national network of branches and distribution centres supports diverse markets, including infrastructure, commercial and residential construction, engineering, energy, and manufacturing. We distribute, manufacture, and process a wide ",https://www.adzuna.co.nz/details/5636350060?utm_medium=api&utm_source=451b63bc,data analyst,adzuna,2026-03-15T23:58:56.137928
Data Scientist,Fisher & Paykel,"Auckland, North Island",,,IT Jobs,,2026-02-13,"The Role Fisher & Paykel is an iconic New Zealand brand, a global company with a strong local heritage. Our origins inspire our culture of curiosity and passion to develop solutions designed around people - these are some of the core elements that make us unique. We are driven by our values of being trusted, sustainably minded, innovative, generous, and curious. As a team we take a collaborative a",https://www.adzuna.co.nz/details/5626371871?utm_medium=api&utm_source=451b63bc,data analyst,adzuna,2026-03-15T23:58:56.137933
Marketing Cloud Enterprise Account Executive,Salesforce,"Auckland, North Island",,,Sales Jobs,,2026-02-12,"To get the best candidate experience, please consider applying for a maximum of 3 roles within 12 months to ensure you are not duplicating efforts. Job Category Sales Job Details About Salesforce Salesforce is the 1 AI CRM, where humans with agents drive customer success together. Here, ambition meets action. Tech meets trust. And innovation isn’t a buzzword — it’s a way of life. The world of work",https://www.adzuna.co.nz/details/5624558652?utm_medium=api&utm_source=451b63bc,data analyst,adzuna,2026-03-15T23:58:56.137938
Supply Chain Data & Systems Analyst,ZURU,"Auckland, North Island",,,IT Jobs,,2026-02-10,"ZURU is on a mission to disrupt industries and challenge the status quo through innovation and automation. Our brands reflect this vision: ZURU Toys re-imagines play, ZURU Tech leads the next building revolution, and ZURU Edge creates modern CPG brands for today’s consumers. Founded in 2003 by EY Entrepreneur of the Year brothers Nick and Mat Mowbray, ZURU has grown to over 5,000 team members acro",https://www.adzuna.co.nz/details/5621632441?utm_medium=api&utm_source=451b63bc,data analyst,adzuna,2026-03-15T23:58:56.137943
Data Processing Analyst,Circana Careers,"Penrose, Auckland City",,,Admin Jobs,,2026-02-08,"Let’s be unstoppable together! At Circana, we are fuelled by our passion for continuous learning and growth, we seek and share feedback freely, and we celebrate victories both big and small in an environment that is flexible and accommodating to our work and personal lives. We have a global commitment to diversity, equity, and inclusion as we believe in the undeniable strength that diversity bring",https://www.adzuna.co.nz/details/5619373028?utm_medium=api&utm_source=451b63bc,data analyst,adzuna,2026-03-15T23:58:56.137947
Key Accounts & Sales Coordinator,"epay, a Euronet Worldwide Company","Auckland, North Island",60000.0,65000.0,Accounting & Finance Jobs,,2026-02-02,"ePay NZ is part of Euronet Worldwide and operates within the financial technology and digital payments industry, providing innovative solutions that connect retailers and consumers with leading global brands. As one of the largest retail distribution networks in the world, epay NZ specialises in transactions, payments, issuing and processing, delivering both physical and digital third‑party conten",https://www.adzuna.co.nz/details/5609875591?utm_medium=api&utm_source=451b63bc,data analyst,adzuna,2026-03-15T23:58:56.137952
Principal Data Engineer,Serko Ltd,"Auckland, North Island",145000.0,200000.0,IT Jobs,,2026-01-12,"Serko is a cutting-edge tech platform in global business travel & expense technology. When you join Serko, you become part of a team of passionate travellers and technologists bringing people together, using the world's leading business travel marketplace. We are proud to be an equal-opportunity employer, we embrace the richness of diversity, showing up authentically to create a positive impact. R",https://www.adzuna.co.nz/details/5579989355?utm_medium=api&utm_source=451b63bc,data analyst,adzuna,2026-03-15T23:58:56.137958
Senior Data & Analytics Engineer,ClearPoint,"Auckland, North Island",,,IT Jobs,,2025-12-06,"Senior Data Roles Auckland A bit about us For over 18 years, ClearPoint has been the trusted technology partner for New Zealand’s most impactful organisations, navigating complex digital transformations through engineering, AI, and human-centred design. Our Data Practice is growing, and we are looking for fresh new members to add to the team - a Senior Data & Analytics Consultant and a Principal D",https://www.adzuna.co.nz/details/5529311654?utm_medium=api&utm_source=451b63bc,data analyst,adzuna,2026-03-15T23:58:56.137963
Analytics Engineer,Data Insight,"Penrose, Auckland City",,,IT Jobs,,2025-11-05,"About The Role: As an Analytics Engineer, you will be responsible for building robust, scalable analytics infrastructure to empower data-driven decision making. You will work closely with our data team and clients to understand their requirements, design robust data models/pipelines, and ensure data integrity and security, and create commercially sound outputs that deliver to the business needs. Y",https://www.adzuna.co.nz/details/5480109468?utm_medium=api&utm_source=451b63bc,data analyst,adzuna,2026-03-15T23:58:56.137969
Senior Asset Data Analyst,Adecco,"Penrose, Auckland City",,,IT Jobs,contract,2025-10-09,"CORE COMPETENCIES: • Advanced proficiency in data analysis tools (e.g. SQL, Python, R, ESRI suite) • Understanding of asset management principles (e.g. ISO 55000, lifecycle costing). • Sets high standards of quality and performance for self. • Takes responsibility and accountability for own actions and day to day decision making. • Excellent problem-solving, critical thinking and communication ski",https://www.adzuna.co.nz/details/5438199226?utm_medium=api&utm_source=451b63bc,data analyst,adzuna,2026-03-15T23:58:56.137974
Product Manager,Fisher & Paykel Technologies,"Auckland, North Island",,,IT Jobs,,2025-03-11,"The Role Working at Fisher & Paykel Technologies will see you become immersed in an exciting and innovative company culture. Our behaviours reflect our cultural values - entrepreneurial spirit, constructive tension, and growth mindset. Our talented team is creating cutting-edge electric motor and controller technologies that form the nerve centre of the everyday appliances in our homes. FPT offers",https://www.adzuna.co.nz/details/5084827923?utm_medium=api&utm_source=451b63bc,data analyst,adzuna,2026-03-15T23:58:56.137980
Join our Talent Pool!,Data Insight,"Penrose, Auckland City",,,IT Jobs,,2024-07-31,"Join our talent pool and we will reach out when a suitable role opens up! About Data Insight: Established in 2013, Data Insight is not your average analytics agency. Over the past ten years, we've carved out a reputation as the go-to partner for countless businesses, helping them navigate their data journeys as trusted consultants and expert analysts. At Data Insight, we employ the best, with the ",https://www.adzuna.co.nz/details/4801289174?utm_medium=api&utm_source=451b63bc,data analyst,adzuna,2026-03-15T23:58:56.137985
Business Analyst,Kaikaranga,"Penrose, Auckland City",,,IT Jobs,contract,2026-03-12,Would you like to use your business analysis and process improvement expertise in a purpose-driven organisation that makes a real difference in the community? We have an exciting opportunity for a Business Analyst to join Kaikaranga within our Project Management Office to support a range of organisational improvement and transformation initiatives. These include service design work for new service,https://www.adzuna.co.nz/details/5661942840?utm_medium=api&utm_source=451b63bc,business analyst,adzuna,2026-03-15T23:58:59.800755
Senior Mobile Developer,Datacom,"Auckland, North Island",,,IT Jobs,,2026-03-10,"Our Why Datacom works with organisations and communities across Australia and New Zealand to make a difference in people’s lives and help organisations use the power of tech to innovate and grow. About Us We have over 6,200 people across our global offices, and we have extensive expertise in operating data centres, providing IT services, software engineering and application management, as well as ",https://www.adzuna.co.nz/details/5659930796?utm_medium=api&utm_source=451b63bc,business analyst,adzuna,2026-03-15T23:58:59.800760
Head of Information Technology,Kotahi Logistics,"Penrose, Auckland City",,,Accounting & Finance Jobs,,2026-03-08,"The Head of IT will lead the Data and Analytics, IT Operations and Business Analyst teams, reporting into the CFO. We invite expressions of interest from internal candidates for this role and will conduct a brief process over the coming weeks to appoint a lead for this function. Please see position description. We will not be recruiting outside of Kotahi at this stage.",https://www.adzuna.co.nz/details/5657836364?utm_medium=api&utm_source=451b63bc,business analyst,adzuna,2026-03-15T23:58:59.800766
Technical Business Analyst,HAYS,"CBD, Auckland City",,,IT Jobs,,2026-03-05,"Intermediate Technical Business Analyst to join a financial services organisation in Auckland CBD. Tō kamupene hou | Your new company You’ll be joining a financial services organisation based in Auckland, working with a collaborative team focused on improving systems, processes, and customer outcomes. This environment offers strong exposure across technology and business functions, ideal for someo",https://www.adzuna.co.nz/details/5654526305?utm_medium=api&utm_source=451b63bc,business analyst,adzuna,2026-03-15T23:58:59.800777
Senior Business Analyst - 12 month FTC,KPMG New Zealand,"Auckland, North Island",,,IT Jobs,contract,2026-03-04,"At KPMG New Zealand, the commitment to fuelling prosperity for all New Zealanders is central to its mission. The firm brings this purpose to life by adhering to a strong Code of Conduct and consistently demonstrating its shared values of Integrity, Courage, Excellence, and Together, for Better. These values guide KPMG's interactions, encouraging ethical behaviour and fostering a culture of collabo",https://www.adzuna.co.nz/details/5652667421?utm_medium=api&utm_source=451b63bc,business analyst,adzuna,2026-03-15T23:58:59.800781
Senior Product Analyst,Worldline NZ,"Auckland, North Island",,,IT Jobs,,2026-03-04,"Build the future of online payments with a leader in digital commerce. Why we need you Worldline has been powering New Zealand’s payments ecosystem for decades — from launching world‑leading EFTPOS in 1989 (you may remember us as Paymark) to shaping the payment innovations that Kiwi businesses rely on today. We sit at the heart of Aotearoa’s payments infrastructure, partnering with start‑ups, larg",https://www.adzuna.co.nz/details/5652667152?utm_medium=api&utm_source=451b63bc,business analyst,adzuna,2026-03-15T23:58:59.800789
Business Analyst - 12-month fixed term contract,Visa,"Auckland, North Island",,,IT Jobs,,2026-03-04,"Job Description Visa Consulting & Analytics (VCA) Australia, New Zealand, and South Pacific (AUNZPI) is Visa's advisory division, working with Visa's clients (including card issuers, acquirers, and merchants) on a broad range of key business initiatives including strategy, operational optimisation, customer engagement and overall business profitability. VCA is made up of three services lines - Adv",https://www.adzuna.co.nz/details/5652607980?utm_medium=api&utm_source=451b63bc,business analyst,adzuna,2026-03-15T23:58:59.800793
Business Analysis Practice Lead,Waste Management,"Auckland, North Island",,,IT Jobs,,2026-03-02,"Job Description Lead. Coach. Transform. Make It Count. As our Business Analysis Practice Lead , you'll be the driving force behind defining, uplifting, and embedding best‑in‑class BA standards across the organisation. This isn’t just a leadership role - you’ll also remain hands‑on, ensuring our delivery is consistent, strategic, and impactful. You’ll mentor a talented team, build capability, and b",https://www.adzuna.co.nz/details/5650659942?utm_medium=api&utm_source=451b63bc,business analyst,adzuna,2026-03-15T23:58:59.800798
Business Intelligence Analyst - Clinics,University of Auckland,"Auckland, North Island",,,IT Jobs,,2026-02-27,"Job Description Advanced data analytics and reporting is essential to drive informed decision-making and business performance optimisation. This role focuses on producing accurate forecasts, uncovering trends, and providing actionable insights to senior management. It also enhances data governance processes while ensuring compliance with privacy and regulatory standards. The primary responsibility",https://www.adzuna.co.nz/details/5647008193?utm_medium=api&utm_source=451b63bc,business analyst,adzuna,2026-03-15T23:58:59.800803
Senior IT Business Analyst,Frequency NZ,"Penrose, Auckland City",,,IT Jobs,contract,2026-02-27,"What’s the opportunity? Frequency is a construction project management consultancy. We partner on complex projects across the built environment and value relationships, integrity, and delivering real value for our clients. We’re scoping a change to our core IT system and need a Senior IT Business Analyst to lead discovery, requirements, and UAT through to go‑live readiness. This is a full‑time, on",https://www.adzuna.co.nz/details/5646368983?utm_medium=api&utm_source=451b63bc,business analyst,adzuna,2026-03-15T23:58:59.800808
Senior Business Analyst,Robert Half,"Onehunga, Auckland City",130000.0,150000.0,IT Jobs,permanent,2026-02-24,"Senior Business Analyst - Core Receivables Platform Upgrade (Multi Year Fixed Term) A large enterprise is undertaking a major upgrade of its core receivables platform and is seeking an experienced Senior Business Analyst on a multi year fixed term contract. You'll work across business units, technology, and implementation partners to define requirements, map processes, and support delivery from di",https://www.adzuna.co.nz/details/5642695045?utm_medium=api&utm_source=451b63bc,business analyst,adzuna,2026-03-15T23:58:59.800815
Senior Business Analyst - contract,Datacom,"Auckland, North Island",,,IT Jobs,contract,2026-02-23,"Our purpose Here at Datacom we connect people and technology in order to solve challenges, create opportunities and discover new possibilities for the communities we live in. Our Team The Software Engineering team look after all the digital technology solutions that are currently being used by our clients. We take pride in what we do and who we do it for. As a well-established team we have a good ",https://www.adzuna.co.nz/details/5642071012?utm_medium=api&utm_source=451b63bc,business analyst,adzuna,2026-03-15T23:58:59.800820
Senior Business Analyst - permanent,Datacom,"Auckland, North Island",,,IT Jobs,permanent,2026-02-23,"Our purpose Here at Datacom we connect people and technology in order to solve challenges, create opportunities and discover new possibilities for the communities we live in. Our Team The Software Engineering team look after all the digital technology solutions that are currently being used by our clients. We take pride in what we do and who we do it for. As a well-established team we have a good ",https://www.adzuna.co.nz/details/5642071017?utm_medium=api&utm_source=451b63bc,business analyst,adzuna,2026-03-15T23:58:59.800826
Engineering Business Analyst,Enable,"Auckland, North Island",,,IT Jobs,,2026-02-21,"Managing pricing and rebates shouldn’t be a hassle. Enable’s intelligent platform is built for the speed of today’s market, eliminating disconnects between pricing strategy and rebate execution. We help companies to increase profitability and simplify the complex with accurate, AI-powered insights, real-time performance monitoring, agreement optimization, and simplified rebate management. After se",https://www.adzuna.co.nz/details/5638514034?utm_medium=api&utm_source=451b63bc,business analyst,adzuna,2026-03-15T23:58:59.800846
Contract - Technical Business Analyst (Integration),Datacom,"Auckland, North Island",,,IT Jobs,contract,2026-02-20,"Our purpose Here at Datacom, we connect people and technology in order to solve challenges, create opportunities and discover new possibilities for the communities we live in. About the Role We’re looking for people that want the challenges of working in an MNC with diverse clients, high paced development using the latest technologies and techniques and delivering high quality applications that ma",https://www.adzuna.co.nz/details/5637071713?utm_medium=api&utm_source=451b63bc,business analyst,adzuna,2026-03-15T23:58:59.800851
Assistant Procurement Manager - Pacific,Rentokil Initial,"Auckland, North Island",,,Retail Jobs,,2026-02-17,Strategic Regional Impact: Act as the primary procurement lead for New Zealand while driving high-value sourcing strategies across the broader Pacific landscape. Executive Visibility: Transform complex data into powerful insights that directly influence decision-making for the Pacific and Global Executive Leadership Teams. Accelerated Career Growth: Launch into a WL2 position that offers the auton,https://www.adzuna.co.nz/details/5632768354?utm_medium=api&utm_source=451b63bc,business analyst,adzuna,2026-03-15T23:58:59.800857
Technical Systems Trainer,Salt,"Newmarket, Auckland City",,,IT Jobs,contract,2026-02-16,"What sets this role apart: Apply your training expertise to a significant upgrade of operational systems, influencing how teams make safe, timely and informed decisions. Turn complex operational and field based processes into practical, accessible learning that protects people, assets and service continuity. Lead an entire training workstream within a transformation programme, shaping frameworks, ",https://www.adzuna.co.nz/details/5631441810?utm_medium=api&utm_source=451b63bc,business analyst,adzuna,2026-03-15T23:58:59.800862
Technical Business Analyst,Intellihub,"Auckland, North Island",,,IT Jobs,,2026-02-13,"Job Description The Customer Data & Analytics team is responsible for managing the delivery of our core data services. Each day energy retailers rely on the data we deliver to underpin their customer experience. It’s used in mobile apps and websites, in consumer billing, and market settlements. Our role is to ensure that retailers receive timely, high-quality data that supports them in delivering ",https://www.adzuna.co.nz/details/5626305941?utm_medium=api&utm_source=451b63bc,business analyst,adzuna,2026-03-15T23:58:59.800871
Senior Business Analyst,Watercare Services,"Newmarket, Auckland City",,,IT Jobs,,2026-01-25,"He kōrero mō mātou | About Watercare Ki te ora te wai, ka ora te whenua, ka ora te tangata When the water is healthy, the land and the people are healthy Now is an exciting time to join Watercare, we're planning to spend $14 billion over the next 10 years to ensure we can continue to support our growing city in a climate-resilient way. When you average that out, that's an investment of $3.8 millio",https://www.adzuna.co.nz/details/5598994633?utm_medium=api&utm_source=451b63bc,business analyst,adzuna,2026-03-15T23:58:59.800881
Business Analyst - Contract,Robert Half,"CBD, Auckland City",800.0,860.0,IT Jobs,,2026-01-24,"We are seeking an experienced Business Analyst with deep expertise in Business Process Mapping (BPM) and hands-on capability with modern process mapping and automation tools. This role will support the launch and optimisation of key initiatives, including work on the UiPath Maestro module, so we need someone who can hit the ground running. What You'll Be Doing Leading business process mapping acti",https://www.adzuna.co.nz/details/5597336073?utm_medium=api&utm_source=451b63bc,business analyst,adzuna,2026-03-15T23:58:59.800886
Product Owner (D365 F&O),Robert Half,"CBD, Auckland City",960.0,1000.0,IT Jobs,contract,2026-01-24,"We're seeking a Product Owner with strong Microsoft Dynamics 365 Finance & Operations experience to support a growing programme of digital and system enhancement work. This is a hands on contract role within a complex, multi site environment that relies on high performing systems to support operations, supply chain, sales, and customer service. About the Role You'll be the key link between busines",https://www.adzuna.co.nz/details/5597336070?utm_medium=api&utm_source=451b63bc,business analyst,adzuna,2026-03-15T23:58:59.800891
Business Analyst,Vista Group,"Auckland, North Island",,,IT Jobs,,2026-01-21,"As a Business Analyst you'll focus on translating customer and business requirements into a software design that fits within the Vista framework and helps to shape the future of our technical evolution. What you’ll be doing Directly involved in scoping, requirements gathering, gap analysis and functional design, your collaborative and consultative approach is required to ensure that the proposed d",https://www.adzuna.co.nz/details/5593498821?utm_medium=api&utm_source=451b63bc,business analyst,adzuna,2026-03-15T23:58:59.800895
Senior Estimator,Downer,"Auckland, North Island",,,Trade & Construction Jobs,permanent,2026-01-16,Description Ko te take ka parekareka e koe ki te mahi ki kōnei | Why you will enjoy working here Downer is committed to delivering excellence by ensuring our people have the environment and the means to be successful. We offer: Competitive remuneration and job security with a trusted industry leader Free access to Marram health care benefits and discounted holiday homes Opportunities to work on ic,https://www.adzuna.co.nz/details/5586358914?utm_medium=api&utm_source=451b63bc,business analyst,adzuna,2026-03-15T23:58:59.800899
Business Analyst,Robert Half,"Auckland, North Island",135000.0,145000.0,IT Jobs,,2026-01-16,"The Company Leading organisation that provides innovative products, technology, and compliance advice to their members across NZ. The Role The business is on an exciting project to upgrade their systems to a cloud-based solution and need a skilled Business Analyst to join the team. Reporting to the Programme Manager and working in a small, tight-knit team, you will be responsible for ensuring the ",https://www.adzuna.co.nz/details/5586346449?utm_medium=api&utm_source=451b63bc,business analyst,adzuna,2026-03-15T23:58:59.800906
Product Owner & Business Analyst,Tradify Limited,"Penrose, Auckland City",,,IT Jobs,,2026-01-15,"Tradify is seeking a passionate and intelligent individual to contribute to and help drive the product development teams responsible for enhancing the Tradify product experience. Basically, this means getting a great understanding of what our product plans and briefs are, and ensuring the product development teams work closely, collaboratively and efficiently to ship great experience and create va",https://www.adzuna.co.nz/details/5585113472?utm_medium=api&utm_source=451b63bc,business analyst,adzuna,2026-03-15T23:58:59.800911
SmartComm Business Analyst - WGTN/ AKL,Tenzing,"Penrose, Auckland City",,,IT Jobs,,2025-11-09,"We’re seeking a highly experienced Technical Business Analyst based in Wellington, Auckland or Sydney, with strong experience in SmartComm and a passion for bridging the gap between business needs and technical solutions. In this role, you’ll work closely with clients, developers, and QA teams to gather and translate requirements, define solution designs, and support the delivery of SmartComm-base",https://www.adzuna.co.nz/details/5487286192?utm_medium=api&utm_source=451b63bc,business analyst,adzuna,2026-03-15T23:58:59.800920
Technical Business Analyst,Apex Group,"Auckland, North Island",,,IT Jobs,,2025-09-03,"The Apex Group was established in Bermuda in 2003 and is now one of the world’s largest fund administration and middle office solutions providers. Our business is unique in its ability to reach globally, service locally and provide cross-jurisdictional services. With our clients at the heart of everything we do, our hard-working team has successfully delivered on an unprecedented growth and transf",https://www.adzuna.co.nz/details/5381065127?utm_medium=api&utm_source=451b63bc,business analyst,adzuna,2026-03-15T23:58:59.800926
Senior Guidewire Consultants,Tenzing,"Penrose, Auckland City",,,IT Jobs,,2025-02-04,"We are growing our team of Guidewire specialist, based in Wellington, Auckland and Sydney . This role sits within our Technology Services practice, one of four key areas at Tenzing, alongside Technology Services, Management Consulting, and Managed Services. Our Technology practice provides our clients with tailored business and technology solutions the accelerate business results. Applying our dee",https://www.adzuna.co.nz/details/5035186277?utm_medium=api&utm_source=451b63bc,business analyst,adzuna,2026-03-15T23:58:59.800933
Finance and Reporting Assistant,Russell McVeagh,"Penrose, Auckland City",,,Accounting & Finance Jobs,,2026-03-01,"About Russell McVeagh Russell McVeagh is New Zealand's premier law firm committed to operating at the cutting edge of legal practice. Our award-winning team of lawyers across Auckland | Tamaki Makaurau, Wellington | Te Whanganui-a-Tara and the South Island | Te Waipounamu is internationally recognised for thought leadership, depth of experience and ability to translate complex legal issues into cl",https://www.adzuna.co.nz/details/5648876442?utm_medium=api&utm_source=451b63bc,reporting analyst,adzuna,2026-03-15T23:59:02.934142
Lead - Business Intelligence,SkyLife,"Mount Wellington, Auckland City",,,IT Jobs,,2026-02-22,Description TĀ TĀTOU WHĀINGA | OUR PURPOSE Kōrero tuku iho. Share stories. | Taonga tuku iho . Share possibilities. | Mana tuku iho. Share joy. KO WAI MĀTOU I ABOUT SKY We’re a proud Aotearoa New Zealand business with the ambition to become the most essential and engaging media company. This is more than entertainment; it’s about moments that matter—connecting Kiwi with the stories and sport they ,https://www.adzuna.co.nz/details/5640134616?utm_medium=api&utm_source=451b63bc,reporting analyst,adzuna,2026-03-15T23:59:02.934148
Senior Commercial Analyst,Robert Half,"CBD, Auckland City",228800.0,249600.0,Accounting & Finance Jobs,contract,2026-03-02,"The Company My client is a New Zealand icon with a great reputation. Entrenched in the services sector, you will be working within the corporate finance team of the organisation. There is a need for an experienced Senior Commercial Analyst to join the team on a contract basis to help with the feasibility workload on a key strategic and transformation project as well as to help oversee the success ",https://www.adzuna.co.nz/details/5650954073?utm_medium=api&utm_source=451b63bc,finance analyst,adzuna,2026-03-15T23:59:08.075002
Commercial Accountant - Interim,HAYS,"Christchurch, Canterbury",,,Accounting & Finance Jobs,contract,2026-02-26,Commercial Accountant / Pricing Analyst required for interim role in Christchurch Tō kamupene hou | Your new company This role is an immediate-start 3-month contract working for a commercial business responsible for looking after the environment in Christchurch. Tō tūranga hou | Your new role You will be responsible for taking charge of price and cost modelling for a new part of the business. This,https://www.adzuna.co.nz/details/5645678056?utm_medium=api&utm_source=451b63bc,finance analyst,adzuna,2026-03-15T23:59:08.075013
Property Finance Senior Analyst,Arena Investors I Quaestor Advisors,"Auckland, North Island",,,Property Jobs,,2025-11-05,"Arena Investors, LP (“Arena”) is a global investment management firm that seeks to generate attractive risk adjusted, consistent and uncorrelated returns by employing a fundamentals based, asset-oriented financing and investing strategy across the entire credit spectrum in areas where conventional sources of capital are scarce. Arena specializes in off-the-run, stressed, distressed, illiquid and e",https://www.adzuna.co.nz/details/5480553447?utm_medium=api&utm_source=451b63bc,finance analyst,adzuna,2026-03-15T23:59:08.075035
Operations Analyst - Investment Services - Fixed Term,FirstCape Core,"Auckland, North Island",,,Accounting & Finance Jobs,contract,2026-03-07,"Introduction About First Cape | Mo FirstCape FirstCape is one of New Zealand’s largest and best resourced wealth advisory and asset management business, creating an enhanced and broadened product offering to help our clients achieve their goals at whatever stage of their investment life cycle. Here at FirstCape, we believe that our people are our greatest asset. Our success is dependent on the col",https://www.adzuna.co.nz/details/5656542607?utm_medium=api&utm_source=451b63bc,operations analyst,adzuna,2026-03-15T23:59:11.145693
"Analyst, Investment Operations",Guardians of New Zealand Superannuation,"Auckland, North Island",,,Accounting & Finance Jobs,,2026-03-04,"Description Haere Mai! We are the Kaitiaki / Guardians of New Zealand Superannuation. We are proud of our Te Whāinga / Our purpose: Sustainable investment delivering strong returns for all New Zealanders. We invest government contributions to the NZ Super Fund, a global investment fund helping to ensure the country can pay for the growing cost of universal superannuation (New Zealand Superannuatio",https://www.adzuna.co.nz/details/5652664235?utm_medium=api&utm_source=451b63bc,operations analyst,adzuna,2026-03-15T23:59:11.145698
Security Analyst/Engineer,Rush Digital,"Penrose, Auckland City",,,IT Jobs,contract,2026-02-20,"Position Overview We are seeking a dedicated Security Operations Analyst to join our team and serve as a critical component of our cybersecurity defence strategy. This role combines hands-on security operations with system administration responsibilities, requiring 24/7 on-call availability to protect both our internal infrastructure and customer environments. Key Responsibilities Security Operati",https://www.adzuna.co.nz/details/5636348767?utm_medium=api&utm_source=451b63bc,operations analyst,adzuna,2026-03-15T23:59:11.145704
Configuration Data Systems Engineer,Rocket Lab,"Auckland, North Island",,,Engineering Jobs,permanent,2026-02-17,"ABOUT ROCKET LAB Rocket Lab is an end-to-end space company delivering responsive launch services, complete spacecraft design and manufacturing, payloads, satellite components, and more - all with the goal of opening access space. The rockets and satellites we build, and launch enable some of the most ambitious and vital space missions globally, supporting scientific exploration, Earth observation ",https://www.adzuna.co.nz/details/5632744718?utm_medium=api&utm_source=451b63bc,operations analyst,adzuna,2026-03-15T23:59:11.145713
Graduate Digital Solutions Developer,Beca Limited,"Auckland, North Island",,,Graduate Jobs,,2026-03-15,"Build a future you’re proud to be part of Your career should mean something. The work you do. The people you work with. The future you help shape. We are seeking a motivated Graduate Digital Solutions Developer to join as soon as possible to support the design, development and ongoing improvement of digital tools that enhance business processes, data quality, and decision making. This entry level ",https://www.adzuna.co.nz/details/5665572264?utm_medium=api&utm_source=451b63bc,power bi,adzuna,2026-03-15T23:59:15.126593
Geospatial Engineer,New Zealand Government,"Auckland, North Island",93357.0,111623.0,IT Jobs,permanent,2026-03-14,"* Drive, maintain and enhance our enterprise geospatial platform * Build fast, reliable ETL pipelines that power smarter decisions nationwide * Full-time, permanent position based in any NZTA office location Join our Data Chapter and help us deliver reliable, resilient and high value geospatial services across NZ Transport Agency Waka Kotahi (NZTA) and beyond. Te Whiwhinga mahi | The opportunity W",https://www.adzuna.co.nz/details/5663930188?utm_medium=api&utm_source=451b63bc,power bi,adzuna,2026-03-15T23:59:15.126609
Project Controls Professional – Scheduler / Planner,Frequency NZ,"Penrose, Auckland City",,,Engineering Jobs,,2026-03-09,"At Frequency, we partner with clients to plan and deliver major projects that shape our motu. We’re on the look-out for an experienced Project Controls Professional, proficient in planning/scheduling, to join our project controls team (Auckland or Wellington) of 25 experts. You’ll work alongside experienced practitioners on exciting projects, contribute across different sectors, and grow both your",https://www.adzuna.co.nz/details/5658690276?utm_medium=api&utm_source=451b63bc,power bi,adzuna,2026-03-15T23:59:15.126623
Marketing Insights Specialist,Amplifon,"Takapuna, North Shore",,,"PR, Advertising & Marketing Jobs",,2026-03-05,"Description Changing Lives, Transforming Careers At Amplifon, we’re more than a company. As the Global Leader in hearing care, we combine cutting-edge solutions with a personal touch to create unforgettable experiences for our customers. With a shared vision to empower people and push boundaries, we thrive in a culture built on care, collaboration, and impact. Here, your work fuels innovation, gro",https://www.adzuna.co.nz/details/5653944729?utm_medium=api&utm_source=451b63bc,power bi,adzuna,2026-03-15T23:59:15.126633
Senior Administrator,HAYS,"CBD, Auckland City",,,Accounting & Finance Jobs,contract,2026-03-03,"6 Month Temporary Contract Tō kamupene hou | Your new company I am working with a well established, sustainability focused business based in Central Auckland that values quality, teamwork and continuous improvement. Tō tūranga hou | Your new role As the Senior Administrator on a 6 month Temporary contract, you will ensure the business meets the requirements of key sustainability certifications (su",https://www.adzuna.co.nz/details/5651885535?utm_medium=api&utm_source=451b63bc,power bi,adzuna,2026-03-15T23:59:15.126638
Commercial Performance Business Partner - FTC 12months (Maternity Leave),Auckland Airport,"Auckland, North Island",150000.0,165000.0,Accounting & Finance Jobs,contract,2026-03-02,"What you will be doing This role is a 12-months Fixed Term maternity cover. As a Commercial Performance Business Partner, you will provide business partnering to key divisions within Auckland Airport by utilising investigative analytical skills, financial modelling, business casing, and reporting skills to facilitate the company wide budgeting, business planning and effective commercial decision m",https://www.adzuna.co.nz/details/5650799442?utm_medium=api&utm_source=451b63bc,power bi,adzuna,2026-03-15T23:59:15.126643
Commercial & Lease Analyst,Secure Parking NZ Ltd,"Auckland, North Island",,,Accounting & Finance Jobs,permanent,2026-02-25,"Before you apply, are you: Energetic: You can tackle any situation with enthusiasm and determination. Enthusiastic: You're highly motivated and naturally enthusiastic about what you do and that's reflected in the way you behave and talk. Empathetic: You are friendly, personable and a team player. You genuinely care about providing exceptional service to our customers, clients and staff members. Se",https://www.adzuna.co.nz/details/5644492977?utm_medium=api&utm_source=451b63bc,power bi,adzuna,2026-03-15T23:59:15.126653
"Data Consultant, Auckland NZ",Practiv,"Auckland, North Island",,,IT Jobs,,2026-02-24,"Were you the kid who never stopped asking 'why'? The one who took things apart just to see how they worked? If you've carried that curiosity into your data career, and now you don't just ask why, you know why, we should talk. AI has made it easier than ever to build the wrong thing faster. The value of a good consultant hasn't changed: knowing what's actually worth building, getting buy-in from pe",https://www.adzuna.co.nz/details/5642863020?utm_medium=api&utm_source=451b63bc,power bi,adzuna,2026-03-15T23:59:15.126658
Senior Data Engineer,HAYS,"CBD, Auckland City",,,IT Jobs,contract,2026-02-23,"Fixed-term position until June 2027 Tō kamupene hou | Your new company An organisation that works on meaningful data services that supports the entire of New Zealand. Tō tūranga hou | Your new role As a Senior Data Engineer, you will focus on developing scalable, reliable data processing services rather than statistical modelling or data science. You will work within a collaborative project enviro",https://www.adzuna.co.nz/details/5641877068?utm_medium=api&utm_source=451b63bc,power bi,adzuna,2026-03-15T23:59:15.126663
Technology Support Analyst,Downer,"Auckland, North Island",,,IT Jobs,,2026-02-21,"Description We currently have an opportunity for a Technology Support Analyst to join our Department of Corrections and the Ministry of Justice team. Reporting to Performance Manager, you'll help deliver high-quality outcomes that support our essential services. Te Kōwhiringa | The Opportunity Downer holds a long-term Asset Management and Facilities Management contract with the Department of Corre",https://www.adzuna.co.nz/details/5638517316?utm_medium=api&utm_source=451b63bc,power bi,adzuna,2026-03-15T23:59:15.126674
National Production & Materials Planner,Adecco,"Auckland, North Island",80000.0,90000.0,Manufacturing Jobs,permanent,2026-02-20,About the Role You’ll be responsible for: Converting demand forecasts into weekly production and grading plans Managing daily stock balances and raw material movements Coordinating supply across multiple production sites and depots Leading weekly and monthly supply alignment meetings Extracting insights from Power BI and ERP systems (D365) Continuously improving planning processes and tools Operat,https://www.adzuna.co.nz/details/5637365213?utm_medium=api&utm_source=451b63bc,power bi,adzuna,2026-03-15T23:59:15.126679
Data Analytics Lead,Adecco,"Auckland, North Island",,,IT Jobs,permanent,2026-02-20,"Your Skills Proven leadership in data engineering, BI, data science, and data analytics Expertise in Snowflake, dbt, Airflow, Azure Blob, and Python programming Strong command of Power BI governance and CI/CD processes Experience with Azure ML orchestration and MLOps practices Mastery of ITSM processes and stakeholder management Benefits Employment Type: Full-time position with competitive industr",https://www.adzuna.co.nz/details/5637363204?utm_medium=api&utm_source=451b63bc,power bi,adzuna,2026-03-15T23:59:15.126684
Finance Manager,Tyler Wren,"Auckland, North Island",150000.0,180000.0,Accounting & Finance Jobs,permanent,2026-02-16,"About Our Client We’re partnering with a well-established and growing financial services provider based in Auckland. The business has a national footprint and a strong customer-first approach, offering solutions that help everyday Kiwis manage their financial lives with confidence. The team is collaborative, high-performing, and supportive, with a culture that values innovation, integrity, and pro",https://www.adzuna.co.nz/details/5630882939?utm_medium=api&utm_source=451b63bc,power bi,adzuna,2026-03-15T23:59:15.126701
Strategic Asset Manager,Cushman & Wakefield,"Auckland, North Island",,,Engineering Jobs,,2026-02-14,"Job Title Strategic Asset Manager Job Description Summary Shape the Future of Strategic Asset Performance in NZ Cushman & Wakefield New Zealand is seeking a highly capable Strategic Asset Manager to lead and elevate our asset management strategy across a significant property portfolio, with a strong focus on Private Public Partnership (PPP) contracts. This is not a traditional facilities role. Thi",https://www.adzuna.co.nz/details/5628231895?utm_medium=api&utm_source=451b63bc,power bi,adzuna,2026-03-15T23:59:15.126706
Data & Analytics Senior Consultant (Snowflake/DBT),Datacom,"Auckland, North Island",,,IT Jobs,,2026-02-12,"Our Purpose Here at Datacom we connect people and technology in order to solve challenges, create opportunities and discover new possibilities for the communities we live in. Our Team The Data and Analytics team are a progressive group of diverse and creative individuals with a deep love for all things data related. They build platforms and solutions that are leading edge and at the forefront of t",https://www.adzuna.co.nz/details/5625678221?utm_medium=api&utm_source=451b63bc,power bi,adzuna,2026-03-15T23:59:15.126716
Paid Search Manager,Lumino The Dentists,"Auckland, North Island",,,"PR, Advertising & Marketing Jobs",,2026-02-12,"Job Description Are you a hands‑on search specialist who loves turning data into commercial impact? Ready to take full ownership of paid search for New Zealand’s largest dental networks? This is a rare opportunity to step into a role where your work directly drives patient growth, digital maturity, and long‑term business performance. Lumino The Dentists are looking for a Paid Search Manager who ca",https://www.adzuna.co.nz/details/5624494245?utm_medium=api&utm_source=451b63bc,power bi,adzuna,2026-03-15T23:59:15.126726
Merchandise Analytics Specialist,The Warehouse Group,"Auckland, North Island",,,IT Jobs,,2026-02-10,"Job Description As the Merchandise Analytics Specialist, you’ll lead advanced analytics initiatives across Merchandise, acting as a subject matter expert in retail analytics and data architecture. Partnering closely with Planning, Buying and key support functions, you’ll deliver high-quality insights that bring clarity to performance, trends and opportunities. You’ll translate complex data into cl",https://www.adzuna.co.nz/details/5621866296?utm_medium=api&utm_source=451b63bc,power bi,adzuna,2026-03-15T23:59:15.126730
Data Services Consultant - NZ,Altis,"Penrose, Auckland City",,,IT Jobs,,2026-02-08,"Rethink What’s Possible for Your Career At Altis Consulting, our vision is simple: help clients and our people achieve more than they imagined. As a leader in Data and Analytics for over 25 years, we combine technical expertise, commercial insight, and a values-driven culture to create an environment where you can truly see your career differently. Australian-owned and technology-agnostic, we leve",https://www.adzuna.co.nz/details/5619371738?utm_medium=api&utm_source=451b63bc,power bi,adzuna,2026-03-15T23:59:15.126740
Sales Commercial Operations Manager Hybrid,Nissan,"East Tamaki, Manukau",,,Sales Jobs,,2026-02-06,"Get Excited about driving our cars and having a fully maintained company car and fuel card. Be Connected to a long term career at Nissan which can take you around the world. Have Confidence in your development through training and be supported with flexible hybrid working options. About the role At Nissan New Zealand , we are focused on strengthening commercial performance across our sales operati",https://www.adzuna.co.nz/details/5615842108?utm_medium=api&utm_source=451b63bc,power bi,adzuna,2026-03-15T23:59:15.126746
Data & Analytics Senior Consultant (Fabric/Snowflake),Datacom,"Auckland, North Island",,,IT Jobs,,2026-02-05,"Our Purpose Here at Datacom we connect people and technology in order to solve challenges, create opportunities and discover new possibilities for the communities we live in. Our Team The Data and Analytics team are a progressive group of diverse and creative individuals with a deep love for all things data related. They build platforms and solutions that are leading edge and at the forefront of t",https://www.adzuna.co.nz/details/5615335178?utm_medium=api&utm_source=451b63bc,power bi,adzuna,2026-03-15T23:59:15.126752
Data & Analytics Principal Consultant (Snowflake/ Fabric),Datacom,"Auckland, North Island",,,IT Jobs,,2026-02-05,"Our Purpose Here at Datacom we connect people and technology in order to solve challenges, create opportunities and discover new possibilities for the communities we live in. Our Team The Data and Analytics team are a progressive group of diverse and creative individuals with a deep love for all things data related. They build platforms and solutions that are leading edge and at the forefront of t",https://www.adzuna.co.nz/details/5615120813?utm_medium=api&utm_source=451b63bc,power bi,adzuna,2026-03-15T23:59:15.126758
Snowflake Contractor - Data & Analytics,Datacom,"Auckland, North Island",280000.0,330000.0,IT Jobs,contract,2026-02-05,"We are looking for a Contractor with extensive Snowflake to start on a project asap. You will only be considered for the role if you are based in New Zealand, have legal working rights for New Zealand, and can start the project immediately. If you have a longer notice period feel free to apply and we can look at you and if you are successful for the project team longer term Our Purpose Here at Dat",https://www.adzuna.co.nz/details/5614839025?utm_medium=api&utm_source=451b63bc,power bi,adzuna,2026-03-15T23:59:15.126763
Sales Commercial Operations Manager - Hybrid,Nissan,"East Tamaki, Manukau",,,Sales Jobs,permanent,2026-02-04,"Work options: Hybrid Get Excited about driving our cars and having a fully maintained company car and fuel card. Be Connected to a long term career at Nissan which can take you around the world. Have Confidence in your development through training and be supported with flexible hybrid working options. About the role At Nissan New Zealand , we are focused on strengthening commercial performance acr",https://www.adzuna.co.nz/details/5613027831?utm_medium=api&utm_source=451b63bc,power bi,adzuna,2026-03-15T23:59:15.126768
Senior Consultant - NZ,Altis,"Penrose, Auckland City",,,IT Jobs,,2026-02-04,"Rethink What’s Possible for Your Career At Altis Consulting, our vision is simple: help clients and our people achieve more than they imagined. As a leader in Data and Analytics for over 25 years, we combine technical expertise, commercial insight, and a values-driven culture to create an environment where you can truly see your career differently. Australian-owned and technology-agnostic, we leve",https://www.adzuna.co.nz/details/5611999934?utm_medium=api&utm_source=451b63bc,power bi,adzuna,2026-03-15T23:59:15.126772
Technical Product Manager - GiftStation (ANZ),"epay, a Euronet Worldwide Company","Auckland, North Island",100000.0,110000.0,IT Jobs,,2026-02-02,"ePay NZ is part of Euronet Worldwide and operates within the financial technology and digital payments industry, providing innovative solutions that connect retailers and consumers with leading global brands. As one of the largest retail distribution networks in the world, epay NZ specialises in transactions, payments, issuing and processing, delivering both physical and digital third‑party conten",https://www.adzuna.co.nz/details/5609462284?utm_medium=api&utm_source=451b63bc,power bi,adzuna,2026-03-15T23:59:15.126780
Senior Commercial Partner - SMARTLY,Datacom,"Auckland, North Island",130000.0,160000.0,Accounting & Finance Jobs,,2026-01-30,"A bit about Smartly, a Datacom Company We exist to make it simpler for Kiwi businesses to look after their people. We’re known as the simple way to sort your payroll for over 20,000 businesses. Our slick software combined with our awesome support team helps businesses pay their people on time, accurately and in line with legislation. As a fast-growing FinTech expanding into adjacent markets, Smart",https://www.adzuna.co.nz/details/5605456304?utm_medium=api&utm_source=451b63bc,power bi,adzuna,2026-03-15T23:59:15.126785
Data Modelling Consultant - Contract,Robert Half,"CBD, Auckland City",100.0,120.0,IT Jobs,contract,2026-01-24,"We are seeking an experienced Data Modelling Consultant with strong expertise across Google Cloud Platform (GCP) and Power BI to support a major enterprise reporting initiative. This role requires a blend of architectural design capability and hands-on technical delivery, contributing to the development of scalable, well-structured data products that enable robust business reporting. Key Responsib",https://www.adzuna.co.nz/details/5597336075?utm_medium=api&utm_source=451b63bc,power bi,adzuna,2026-03-15T23:59:15.126790
Assistant Accountant,Robert Half,"Epsom, Auckland City",50.0,55.0,Accounting & Finance Jobs,contract,2026-01-23,"The Company My client is an iconic company operating in the private sector, known for their superior quality of service. This business has a proud history and continues to see significant expansion across the whole of New Zealand. The company has a culture where people are professional and driven but at the same time, the business retains the proud family feel. This is a contract position to assis",https://www.adzuna.co.nz/details/5595661674?utm_medium=api&utm_source=451b63bc,power bi,adzuna,2026-03-15T23:59:15.126795
Data & Analytics Senior Consultant (Snowflake),Datacom,"Auckland, North Island",130000.0,150000.0,IT Jobs,,2026-01-15,"Our Purpose Here at Datacom we connect people and technology in order to solve challenges, create opportunities and discover new possibilities for the communities we live in. Our Team The Data and Analytics team are a progressive group of diverse and creative individuals with a deep love for all things data related. They build platforms and solutions that are leading edge and at the forefront of t",https://www.adzuna.co.nz/details/5585348028?utm_medium=api&utm_source=451b63bc,power bi,adzuna,2026-03-15T23:59:15.126800
Systems Analyst,Allegion,"Auckland, North Island",,,IT Jobs,,2025-10-21,"Creating Peace of Mind by Pioneering Safety and Security At Allegion, we help keep the people you know and love safe and secure where they live, work and visit. With more than 30 brands, 12,000 employees globally and products sold in 130 countries, we specialize in security around the doorway and beyond. Additionally, in 2024 we were awarded the Gallup Exceptional Workplace Award, which recognizes",https://www.adzuna.co.nz/details/5456468012?utm_medium=api&utm_source=451b63bc,power bi,adzuna,2026-03-15T23:59:15.126832
Reporting Solutions Specialist,Apex Group,"Auckland, North Island",,,IT Jobs,,2025-09-03,"The Apex Group was established in Bermuda in 2003 and is now one of the world’s largest fund administration and middle office solutions providers. Our business is unique in its ability to reach globally, service locally and provide cross-jurisdictional services. With our clients at the heart of everything we do, our hard-working team has successfully delivered on an unprecedented growth and transf",https://www.adzuna.co.nz/details/5381064992?utm_medium=api&utm_source=451b63bc,power bi,adzuna,2026-03-15T23:59:15.126841
